<?xml version="1.0" encoding="UTF-8"?>
<con:config xmlns:con="http://www.sourceid.org/2004/05/config">
    <con:map name="bearer-access-token-management-plugin-sequence">
        <con:item name="jwtDefault">766074</con:item>
    </con:map>
    <con:map name="bearer-access-token-management-plugins">
        <con:item name="jwtDefault">com.pingidentity.pf.access.token.management.plugins.JwtBearerAccessTokenManagementPlugin</con:item>
    </con:map>
    <con:item name="bearer-access-token-management-plugins-default">jwtDefault</con:item>
</con:config>