<?xml version="1.0" encoding="UTF-8"?>
<con:config xmlns:con="http://www.sourceid.org/2004/05/config">
    <con:item name="AutoCreateCertOnEngineNode">true</con:item>
    <con:list name="ActiveServerAliases">
        <con:ListItem>hg3c6idhf9h3x1etcyd7rfz59</con:ListItem>
        <con:ListItem>8xqiu6fs0o7y9wbrxxuvrfua1</con:ListItem>
    </con:list>
    <con:list name="ActiveAdminServerAliases">
        <con:ListItem>hg3c6idhf9h3x1etcyd7rfz59</con:ListItem>
        <con:ListItem>8xqiu6fs0o7y9wbrxxuvrfua1</con:ListItem>
    </con:list>
    <con:item name="DefaultActiveServerAlias">8xqiu6fs0o7y9wbrxxuvrfua1</con:item>
    <con:item name="DefaultActiveAdminServerAlias">8xqiu6fs0o7y9wbrxxuvrfua1</con:item>
</con:config>